{
    "manifestVersion": 1,
    "name": "GalvinVoltag-The_Timestopper",
    "authorName": "GalvinVoltag",
    "websiteUrl": "https://github.com/GalvinVoltag/The-Timestopper",
    "displayName": "The_Timestopper",
    "description": "Have the Gold arm and stop time at will",
    "gameVersion": "",
    "networkMode": "",
    "packageType": "",
    "installMode": "",
    "installedAtTime": 0,
    "loaders": [],
    "dependencies": [
        "BepInEx-BepInExPack-5.4.2100",
        "Hydraxous-Configgy-1.0.7",
        "EternalsTeam-PluginConfigurator-1.10.2"
    ],
    "incompatibilities": [],
    "optionalDependencies": [],
    "versionNumber": {
        "major": 0,
        "minor": 9,
        "patch": 8
    },
    "enabled": true,
    "icon": ""
}