{
    "manifestVersion": 1,
    "name": "GalvinVoltag-The_Timestopper",
    "authorName": "GalvinVoltag",
    "websiteUrl": "https://github.com/GalvinVoltag/The-Timestopper",
    "displayName": "The_Timestopper",
    "description": "The Golden Arm has the ability to Stop Time at will.",
    "gameVersion": "",
    "networkMode": "",
    "packageType": "",
    "installMode": "",
    "installedAtTime": 0,
    "loaders": [],
    "dependencies": [
        "BepInEx-BepInExPack-5.4.2100",
        "EternalsTeam-PluginConfigurator-1.10.2"
    ],
    "incompatibilities": [],
    "optionalDependencies": [],
    "versionNumber": {
        "major": 1,
        "minor": 0,
        "patch": 0
    },
    "enabled": true,
    "icon": ""
}